{
  "timestamp": "2026-01-20T22:00:58.054780",
  "total_seconds": 149.678334,
  "domains": {
    "metadata": 0.083091,
    "currencies": 7.552891,
    "gli": 14.017367,
    "m2": 10.453558,
    "us_system": 4.880656,
    "cli": 33.896031,
    "treasury": 18.060585,
    "stablecoins": 5.918196,
    "crypto": 14.93277,
    "fed_forecasts": 1.877419,
    "macro_regime": 37.042112,
    "offshore": 0.949959
  },
  "domain_count": 12,
  "successful": [
    "metadata",
    "currencies",
    "gli",
    "m2",
    "us_system",
    "cli",
    "treasury",
    "stablecoins",
    "crypto",
    "fed_forecasts",
    "macro_regime",
    "offshore"
  ]
}