{"schedule": {"months": ["2026-01", "2026-02", "2026-03", "2026-04", "2026-05", "2026-06", "2026-07", "2026-08", "2026-09", "2026-10", "2026-11", "2026-12", "2027-01", "2027-02", "2027-03", "2027-04", "2027-05", "2027-06", "2027-07", "2027-08", "2027-09", "2027-10", "2027-11", "2027-12", "2028-01", "2028-02", "2028-03", "2028-04", "2028-05", "2028-06", "2028-07", "2028-08", "2028-09", "2028-10", "2028-11", "2028-12", "2029-01", "2029-02", "2029-03", "2029-04", "2029-05", "2029-06", "2029-07", "2029-08", "2029-09", "2029-10", "2029-11", "2029-12", "2030-01", "2030-02", "2030-03", "2030-04", "2030-05", "2030-06", "2030-07", "2030-08", "2030-09", "2030-10", "2030-11", "2030-12", "2031-01", "2031-02", "2031-03", "2031-04", "2031-05", "2031-06", "2031-07", "2031-08", "2031-09", "2031-10", "2031-11", "2031-12", "2032-01", "2032-02", "2032-03", "2032-04", "2032-05", "2032-06", "2032-07", "2032-08", "2032-09", "2032-10", "2032-11", "2032-12", "2033-01", "2033-02", "2033-05", "2033-07", "2033-08", "2033-11", "2034-01", "2034-02", "2034-05", "2034-07", "2034-08", "2034-11", "2035-01", "2035-02", "2035-05", "2035-07", "2035-08", "2035-11"], "bills": [1010.8711706, 1394.0615021, 1051.9951184000001, 723.607503, 376.04943649999996, 369.2150314, 52.8695375, 52.7856995, 50.9989522, 105.6716797, 52.302103300000006, 52.285412199999996, 0.0, 0.0, 0.0, 0.0, 0.0, 0.0, 0.0, 0.0, 0.0, 0.0, 0.0, 0.0, 0.0, 0.0, 0.0, 0.0, 0.0, 0.0, 0.0, 0.0, 0.0, 0.0, 0.0, 0.0, 0.0, 0.0, 0.0, 0.0, 0.0, 0.0, 0.0, 0.0, 0.0, 0.0, 0.0, 0.0, 0.0, 0.0, 0.0, 0.0, 0.0, 0.0, 0.0, 0.0, 0.0, 0.0, 0.0, 0.0, 0.0, 0.0, 0.0, 0.0, 0.0, 0.0, 0.0, 0.0, 0.0, 0.0, 0.0, 0.0, 0.0, 0.0, 0.0, 0.0, 0.0, 0.0, 0.0, 0.0, 0.0, 0.0, 0.0, 0.0, 0.0, 0.0, 0.0, 0.0, 0.0, 0.0, 0.0, 0.0, 0.0, 0.0, 0.0, 0.0, 0.0, 0.0, 0.0, 0.0, 0.0, 0.0], "notes": [241.8401081, 276.73657299999996, 195.418695, 304.1548292, 278.48277859999996, 215.4693019, 287.6944835, 290.8232604, 217.075293, 302.4486145, 282.6102962, 218.1759058, 312.166245, 293.413775, 222.1562795, 312.966192, 309.4750065, 232.2833377, 327.252262, 317.0188096, 231.9807386, 320.2108053, 324.30188580000004, 244.9740471, 183.7049837, 271.8626691, 174.9750887, 188.30208520000002, 274.82606020000003, 173.1226301, 174.72789029999998, 271.5168174, 176.4662578, 178.7770492, 266.1173624, 179.60470099999998, 121.24624829999999, 204.43863190000002, 122.6744423, 119.1825393, 204.7779217, 115.1239298, 113.5675732, 209.2129594, 107.11167999999999, 105.763662, 201.4689497, 104.66694150000001, 107.9311916, 207.03638949999998, 106.0184352, 112.85087100000001, 230.036983, 111.3146691, 109.1059049, 250.53642340000002, 110.70015850000001, 111.2494917, 251.0971556, 116.9071415, 39.4098752, 182.3295525, 42.3739146, 44.2097454, 193.8905476, 45.5312964, 46.3129851, 188.8939411, 44.9007306, 44.6951104, 191.57876050000002, 44.358080300000005, 46.4379446, 188.9986467, 45.299485, 47.0130409, 182.79929909999998, 48.3782247, 46.996552300000005, 168.8604047, 46.4297112, 46.526428, 160.2865108, 48.689413, 0.0, 114.60084739999999, 108.3377781, 0.0, 122.0997988, 114.6782959, 0.0, 123.0928823, 132.755968, 0.0, 128.7403749, 139.0559167, 0.0, 138.7042713, 140.1398767, 0.0, 134.9747665, 87.5403324], "bonds": [0.0, 12.837916, 0.0, 0.0, 0.0, 0.0, 0.0, 8.810418, 0.0, 0.0, 10.860177, 0.0, 0.0, 9.521970999999999, 0.0, 0.0, 0.0, 0.0, 0.0, 9.196755999999999, 0.0, 0.0, 22.021339, 0.0, 0.0, 0.0, 0.0, 0.0, 0.0, 0.0, 0.0, 11.776200999999999, 0.0, 0.0, 10.947052, 0.0, 0.0, 11.350341, 0.0, 0.0, 0.0, 0.0, 0.0, 11.17858, 0.0, 0.0, 0.0, 0.0, 0.0, 0.0, 0.0, 0.0, 17.043162, 0.0, 0.0, 0.0, 0.0, 0.0, 0.0, 0.0, 0.0, 16.427648, 0.0, 0.0, 0.0, 0.0, 0.0, 0.0, 0.0, 0.0, 0.0, 0.0, 0.0, 0.0, 0.0, 0.0, 0.0, 0.0, 0.0, 0.0, 0.0, 0.0, 0.0, 0.0, 0.0, 0.0, 0.0, 0.0, 0.0, 0.0, 0.0, 0.0, 0.0, 0.0, 0.0, 0.0, 0.0, 0.0, 0.0, 0.0, 0.0, 0.0], "tips": [0, 0, 0, 0, 0, 0, 0, 0, 0, 0, 0, 0, 0, 0, 0, 0, 0, 0, 0, 0, 0, 0, 0, 0, 0, 0, 0, 0, 0, 0, 0, 0, 0, 0, 0, 0, 0, 0, 0, 0, 0, 0, 0, 0, 0, 0, 0, 0, 0, 0, 0, 0, 0, 0, 0, 0, 0, 0, 0, 0, 0, 0, 0, 0, 0, 0, 0, 0, 0, 0, 0, 0, 0, 0, 0, 0, 0, 0, 0, 0, 0, 0, 0, 0, 0, 0, 0, 0, 0, 0, 0, 0, 0, 0, 0, 0, 0, 0, 0, 0, 0, 0], "frn": [0, 0, 0, 0, 0, 0, 0, 0, 0, 0, 0, 0, 0, 0, 0, 0, 0, 0, 0, 0, 0, 0, 0, 0, 0, 0, 0, 0, 0, 0, 0, 0, 0, 0, 0, 0, 0, 0, 0, 0, 0, 0, 0, 0, 0, 0, 0, 0, 0, 0, 0, 0, 0, 0, 0, 0, 0, 0, 0, 0, 0, 0, 0, 0, 0, 0, 0, 0, 0, 0, 0, 0, 0, 0, 0, 0, 0, 0, 0, 0, 0, 0, 0, 0, 0, 0, 0, 0, 0, 0, 0, 0, 0, 0, 0, 0, 0, 0, 0, 0, 0, 0], "total": [1252.7112787, 1683.6359911, 1247.4138134000002, 1027.7623322, 654.5322150999999, 584.6843332999999, 340.56402099999997, 352.41937790000003, 268.0742452, 408.1202942, 345.7725765, 270.461318, 312.166245, 302.935746, 222.1562795, 312.966192, 309.4750065, 232.2833377, 327.252262, 326.2155656, 231.9807386, 320.2108053, 346.32322480000005, 244.9740471, 183.7049837, 271.8626691, 174.9750887, 188.30208520000002, 274.82606020000003, 173.1226301, 174.72789029999998, 283.2930184, 176.4662578, 178.7770492, 277.0644144, 179.60470099999998, 121.24624829999999, 215.78897290000003, 122.6744423, 119.1825393, 204.7779217, 115.1239298, 113.5675732, 220.3915394, 107.11167999999999, 105.763662, 201.4689497, 104.66694150000001, 107.9311916, 207.03638949999998, 106.0184352, 112.85087100000001, 247.080145, 111.3146691, 109.1059049, 250.53642340000002, 110.70015850000001, 111.2494917, 251.0971556, 116.9071415, 39.4098752, 198.7572005, 42.3739146, 44.2097454, 193.8905476, 45.5312964, 46.3129851, 188.8939411, 44.9007306, 44.6951104, 191.57876050000002, 44.358080300000005, 46.4379446, 188.9986467, 45.299485, 47.0130409, 182.79929909999998, 48.3782247, 46.996552300000005, 168.8604047, 46.4297112, 46.526428, 160.2865108, 48.689413, 0.0, 114.60084739999999, 108.3377781, 0.0, 122.0997988, 114.6782959, 0.0, 123.0928823, 132.755968, 0.0, 128.7403749, 139.0559167, 0.0, 138.7042713, 140.1398767, 0.0, 134.9747665, 87.5403324]}, "metrics": {"peak_month": "2026-02", "peak_amount": 1683.6359911, "bills_outstanding": 5292.7131463999995, "total_outstanding": 21741.75942960001, "next_12m_refinancing": 8436.1517966, "forecast_horizon": 102, "record_date": "2025-12-31"}, "monthly_table": [{"month": "2026-01", "bills": 1010.8711706, "notes": 241.8401081, "bonds": 0.0, "total": 1252.7112787}, {"month": "2026-02", "bills": 1394.0615021, "notes": 276.73657299999996, "bonds": 12.837916, "total": 1683.6359911}, {"month": "2026-03", "bills": 1051.9951184000001, "notes": 195.418695, "bonds": 0.0, "total": 1247.4138134000002}, {"month": "2026-04", "bills": 723.607503, "notes": 304.1548292, "bonds": 0.0, "total": 1027.7623322}, {"month": "2026-05", "bills": 376.04943649999996, "notes": 278.48277859999996, "bonds": 0.0, "total": 654.5322150999999}, {"month": "2026-06", "bills": 369.2150314, "notes": 215.4693019, "bonds": 0.0, "total": 584.6843332999999}, {"month": "2026-07", "bills": 52.8695375, "notes": 287.6944835, "bonds": 0.0, "total": 340.56402099999997}, {"month": "2026-08", "bills": 52.7856995, "notes": 290.8232604, "bonds": 8.810418, "total": 352.41937790000003}, {"month": "2026-09", "bills": 50.9989522, "notes": 217.075293, "bonds": 0.0, "total": 268.0742452}, {"month": "2026-10", "bills": 105.6716797, "notes": 302.4486145, "bonds": 0.0, "total": 408.1202942}, {"month": "2026-11", "bills": 52.302103300000006, "notes": 282.6102962, "bonds": 10.860177, "total": 345.7725765}, {"month": "2026-12", "bills": 52.285412199999996, "notes": 218.1759058, "bonds": 0.0, "total": 270.461318}]}